evaluation_timestamp,exchange_timestamp,provider_response_received,bid,ask,mid,quote_age_seconds,provider_latency_ms,poll_interval_seconds,spread_pct,breakout_reference,distance_from_breakout,distance_from_breakout_bps,micro_momentum,relative_strength,ema9,ema20,vwap,volume_expansion,score,extension_pct,stop,target,gross_rr,net_rr,decision,reasons
2026-09-24T18:40:05.834142+00:00,2026-09-24T18:40:05.093525+00:00,2026-09-24T18:40:05.833332+00:00,623.11,623.33,623.22,0.740617,1485.415417002514,3.327452,0.00035300535926322533,622.4217,0.7983000000000402,12.825709643478067,0.0016232461709069224,0.0008020675841162728,621.3043293081527,620.93781,619.1466714067958,1.8334331739157477,0.721344,0.003083304914325291,621.3043293081527,624.1999,0.4294380145306498,0.1669551575048415,BLOCKED,ENTRY_OVEREXTENDED
2026-09-24T18:40:06.524603+00:00,2026-09-24T18:40:05.093525+00:00,2026-09-24T18:40:06.523463+00:00,623.08,623.3,623.19,1.431078,171.65983305312693,0.690461,0.0003530223527333776,622.4217,0.7683000000000675,12.343721306633526,0.0016232461709069224,0.0008020675841162728,621.3043293081527,620.93781,619.1466714067958,1.8334331739157477,0.724567,0.0030350193985404506,621.3043293081527,624.1999,0.45092609901835723,0.18450497321299905,BLOCKED,ENTRY_OVEREXTENDED
2026-09-24T18:40:08.531156+00:00,2026-09-24T18:40:07.097129+00:00,2026-09-24T18:40:08.529608+00:00,623.08,623.3,623.19,1.434027,170.27516599046066,2.006553,0.0003530223527333776,622.4217,0.7683000000000675,12.343721306633526,0.0015428378573840718,0.0007216592705934222,621.3043293081527,620.93781,619.1466714067958,1.8334331739157477,0.711836,0.0030350193985404506,621.3043293081527,624.1999,0.45092609901835723,0.18450497321299905,BLOCKED,ENTRY_OVEREXTENDED
2026-09-24T18:40:10.618205+00:00,2026-09-24T18:40:08.360457+00:00,2026-09-24T18:40:10.616651+00:00,623.08,623.28,623.1800000000001,2.257748,254.1947920108214,2.087049,0.0003209345614428123,622.4217,0.7583000000000766,12.183058527683865,0.001816574230367518,0.0009953956435768685,621.3043293081527,620.93781,619.1466714067958,1.8334331739157477,,0.0030189242266120964,621.3043293081527,624.1999,0.46561403365244375,0.20662750539775424,FILTERED,STALE_QUOTE
2026-09-24T18:40:12.575567+00:00,2026-09-24T18:40:10.390921+00:00,2026-09-24T18:40:12.575066+00:00,623.08,623.28,623.1800000000001,2.184646,206.67570899240673,1.957362,0.0003209345614428123,622.4217,0.7583000000000766,12.183058527683865,0.001816574230367518,0.0009953956435768685,621.3043293081527,620.93781,619.1466714067958,1.8334331739157477,,0.0030189242266120964,621.3043293081527,624.1999,0.46561403365244375,0.20662750539775424,FILTERED,STALE_QUOTE
2026-09-24T18:40:14.554647+00:00,2026-09-24T18:40:13.816961+00:00,2026-09-24T18:40:14.553351+00:00,623.05,623.28,623.165,0.737686,180.90162496082485,1.97908,0.00036908362953634783,622.4217,0.7432999999999765,11.942064359260485,0.0013658677679309061,0.0005446891811402566,621.3043293081527,620.93781,619.1466714067958,1.8334331739157477,0.684549,0.002994781468719676,621.3043293081527,624.1999,0.46561403365244375,0.19143754925517553,BLOCKED,SIGNAL_SCORE_BELOW_THRESHOLD
2026-09-24T18:40:16.568276+00:00,2026-09-24T18:40:15.313110+00:00,2026-09-24T18:40:16.566659+00:00,622.99,623.17,623.0799999999999,1.255166,188.48504102788866,2.013629,0.0002888874622840566,622.4217,0.6582999999999402,10.57643073819392,0.0012292809911376157,0.0004081024043469661,621.3043293081527,620.93781,619.1466714067958,1.8334331739157477,0.670958,0.0028579725073292206,621.3043293081527,624.1999,0.5520266810753245,0.28852305097606756,BLOCKED,SIGNAL_SCORE_BELOW_THRESHOLD
2026-09-24T18:40:18.538906+00:00,2026-09-24T18:40:16.384698+00:00,2026-09-24T18:40:18.537449+00:00,622.99,623.17,623.0799999999999,2.154208,159.19287502765656,1.97063,0.0002888874622840566,622.4217,0.6582999999999402,10.57643073819392,0.0010684189809049283,0.00024724039411427867,621.3043293081527,620.93781,619.1466714067958,1.8334331739157477,,0.0028579725073292206,621.3043293081527,624.1999,0.5520266810753245,0.28852305097606756,FILTERED,STALE_QUOTE
2026-09-24T18:40:20.583205+00:00,2026-09-24T18:40:18.276011+00:00,2026-09-24T18:40:20.581878+00:00,622.99,623.17,623.0799999999999,2.307194,199.73745802417397,2.044299,0.0002888874622840566,622.4217,0.6582999999999402,10.57643073819392,0.0010684189809049283,0.00024724039411427867,621.3043293081527,620.93781,619.1466714067958,1.8334331739157477,,0.0028579725073292206,621.3043293081527,624.1999,0.5520266810753245,0.28852305097606756,FILTERED,STALE_QUOTE
2026-09-24T18:40:22.622320+00:00,2026-09-24T18:40:21.164833+00:00,2026-09-24T18:40:22.621299+00:00,623.32,623.5,623.4100000000001,1.457487,235.53266702219844,2.039115,0.00028873454067138794,622.4217,0.9883000000000948,15.878302443506076,0.001598611858647514,0.0007774332718568644,621.3043293081527,620.93781,619.1466714067958,1.8334331739157477,0.703448,0.0033891131809626884,621.3043293081527,624.1999,0.31876364820949504,0.09478835540506636,BLOCKED,ENTRY_OVEREXTENDED
2026-09-24T18:40:24.610115+00:00,2026-09-24T18:40:21.164833+00:00,2026-09-24T18:40:24.608956+00:00,623.32,623.5,623.4100000000001,3.445282,218.0007499991916,1.987795,0.00028873454067138794,622.4217,0.9883000000000948,15.878302443506076,0.001598611858647514,0.0007774332718568644,621.3043293081527,620.93781,619.1466714067958,1.8334331739157477,,0.0033891131809626884,621.3043293081527,624.1999,0.31876364820949504,0.09478835540506636,FILTERED,STALE_QUOTE
2026-09-24T18:40:26.537133+00:00,2026-09-24T18:40:21.164833+00:00,2026-09-24T18:40:26.535855+00:00,623.02,623.45,623.235,5.3723,142.51799997873604,1.927018,0.0006899484143221476,622.4217,0.8133000000000266,13.066703811901448,0.001735413687272258,0.0009142351004816085,621.3043293081527,620.93781,619.1466714067958,1.8334331739157477,,0.0031074476722177113,621.3043293081527,624.1999,0.34949445077902597,0.0037408634611124543,FILTERED,STALE_QUOTE
2026-09-24T18:40:28.565809+00:00,2026-09-24T18:40:21.164833+00:00,2026-09-24T18:40:28.564325+00:00,623.02,623.42,623.22,7.400976,165.0000829831697,2.028676,0.0006418279259330209,622.4217,0.7983000000000402,12.825709643478067,0.001735413687272258,0.0009142351004816085,621.3043293081527,620.93781,619.1466714067958,1.8334331739157477,,0.003083304914325291,621.3043293081527,624.1999,0.3686301478795143,0.03217024023499243,FILTERED,STALE_QUOTE
2026-09-24T18:40:30.580505+00:00,2026-09-24T18:40:21.164833+00:00,2026-09-24T18:40:30.579316+00:00,623.14,623.43,623.285,9.415672,179.26441598683596,2.014696,0.0004652767193177497,622.4217,0.8632999999999811,13.87001770664531,0.0017434620174345827,0.0009222834306439331,621.3043293081527,620.93781,619.1466714067958,1.8334331739157477,,0.003187923531859038,621.3043293081527,624.1999000000001,0.3621915675616712,0.07908917195904261,FILTERED,STALE_QUOTE
2026-09-24T18:40:32.635753+00:00,2026-09-24T18:40:30.661357+00:00,2026-09-24T18:40:32.634401+00:00,623.02,623.45,623.235,1.974396,232.05479100579396,2.055248,0.0006899484143221476,622.4217,0.8133000000000266,13.066703811901448,0.0013978935190763764,0.0005767149322857268,621.3043293081527,620.93781,619.1466714067958,1.8334331739157477,0.650357,0.0031074476722177113,621.3043293081527,624.1999,0.34949445077902597,0.0037408634611124543,BLOCKED,SIGNAL_SCORE_BELOW_THRESHOLD
2026-09-24T18:40:35.174500+00:00,2026-09-24T18:40:32.459979+00:00,2026-09-24T18:40:35.173231+00:00,623.02,623.4,623.21,2.714521,771.5386250056326,2.538747,0.0006097463134416897,622.4217,0.7883000000000493,12.665046864530627,0.0013577241650799543,0.0005365455782893047,621.3043293081527,620.93781,619.1466714067958,1.8334331739157477,,0.003067209742396937,621.3043293081527,624.1999,0.3816916479825765,0.05157496768023419,FILTERED,STALE_QUOTE
2026-09-24T18:40:36.680325+00:00,2026-09-24T18:40:36.484540+00:00,2026-09-24T18:40:36.679119+00:00,623.02,623.45,623.235,0.195785,272.5322910118848,1.505825,0.0006899484143221476,622.4217,0.8133000000000266,13.066703811901448,0.0013978935190763764,0.0005767149322857268,621.3043293081527,620.93781,619.1466714067958,1.8334331739157477,0.650357,0.0031074476722177113,621.3043293081527,624.1999,0.34949445077902597,0.0037408634611124543,BLOCKED,SIGNAL_SCORE_BELOW_THRESHOLD
2026-09-24T18:40:38.599780+00:00,2026-09-24T18:40:37.588073+00:00,2026-09-24T18:40:38.598252+00:00,623.05,623.45,623.25,1.011707,184.02099999366328,1.919455,0.0006417970316888743,622.4217,0.8283000000000129,13.307697980324829,0.0014219951314742296,0.00060081654468358,621.3043293081527,620.93781,619.1466714067958,1.8334331739157477,0.657376,0.0031315904301101316,621.3043293081527,624.1999,0.34949445077902597,0.017731817253219036,BLOCKED,SIGNAL_SCORE_BELOW_THRESHOLD
2026-09-24T18:40:40.689462+00:00,2026-09-24T18:40:37.588073+00:00,2026-09-24T18:40:40.688520+00:00,623.05,623.45,623.25,3.101389,269.65754199773073,2.089682,0.0006417970316888743,622.4217,0.8283000000000129,13.307697980324829,0.0014219951314742296,0.00060081654468358,621.3043293081527,620.93781,619.1466714067958,1.8334331739157477,,0.0031315904301101316,621.3043293081527,624.1999,0.34949445077902597,0.017731817253219036,FILTERED,STALE_QUOTE
2026-09-24T18:40:43.166503+00:00,2026-09-24T18:40:37.588073+00:00,2026-09-24T18:40:43.165079+00:00,623.12,623.45,623.2850000000001,5.57843,741.4609590196051,2.477041,0.000529452818534123,622.4217,0.8633000000000948,13.87001770664531,0.0016392652234704652,0.0008180866366798156,621.3043293081527,620.93781,619.1466714067958,1.8334331739157477,,0.003187923531859038,621.3043293081527,624.1999,0.34949445077902597,0.05037475727074131,FILTERED,STALE_QUOTE
2026-09-24T18:40:44.735597+00:00,2026-09-24T18:40:44.074432+00:00,2026-09-24T18:40:44.734150+00:00,623.1,623.4,623.25,0.661165,305.9110420290381,1.569094,0.0004813477737664734,622.4217,0.8283000000000129,13.307697980324829,0.0016392652234704652,0.0008180866366798156,621.3043293081527,620.93781,619.1466714067958,1.8334331739157477,0.707822,0.0031315904301101316,621.3043293081527,624.1999,0.3816916479825765,0.0897697326998146,BLOCKED,ENTRY_OVEREXTENDED
2026-09-24T18:40:46.630167+00:00,2026-09-24T18:40:45.030258+00:00,2026-09-24T18:40:46.628480+00:00,623.03,623.39,623.21,1.599909,194.32429096195847,1.89457,0.0005776544022079454,622.4217,0.7883000000000493,12.665046864530627,0.0015749803127460549,0.0007538017259554053,621.3043293081527,620.93781,619.1466714067958,1.8334331739157477,0.692312,0.003067209742396937,621.3043293081527,624.1999,0.3883163354434476,0.0662142028208795,BLOCKED,SIGNAL_SCORE_BELOW_THRESHOLD
2026-09-24T18:40:48.730320+00:00,2026-09-24T18:40:47.243174+00:00,2026-09-24T18:40:48.728951+00:00,623.05,623.36,623.2049999999999,1.487146,289.7977500106208,2.100153,0.0004974286149823239,622.4217,0.7832999999999402,12.584715475054686,0.0015669446989055036,0.000745766112114854,621.3043293081527,620.93781,619.1466714067958,1.8334331739157477,0.6996,0.0030591621564326488,621.3043293081527,624.1999,0.4085771146764297,0.1061176283874892,BLOCKED,SIGNAL_SCORE_BELOW_THRESHOLD
2026-09-24T18:40:50.611693+00:00,2026-09-24T18:40:47.243174+00:00,2026-09-24T18:40:50.609875+00:00,623.05,623.28,623.165,3.368519,166.1685000290163,1.881373,0.00036908362953634783,622.4217,0.7432999999999765,11.942064359260485,0.0015669446989055036,0.000745766112114854,621.3043293081527,620.93781,619.1466714067958,1.8334331739157477,,0.002994781468719676,621.3043293081527,624.1999,0.46561403365244375,0.19143754925517553,FILTERED,STALE_QUOTE
2026-09-24T18:40:52.632111+00:00,2026-09-24T18:40:51.880380+00:00,2026-09-24T18:40:52.631562+00:00,622.86,623.12,622.99,0.751731,181.45912501495332,2.020418,0.00041734217242650907,622.4217,0.568300000000022,9.130465727658077,0.0015191826957856591,0.0006980041089950095,621.3043293081527,620.93781,619.1466714067958,1.8334331739157477,0.704031,0.002713115959974699,621.3043293081527,624.1999000000001,0.5947664435235626,0.27994379586556667,BLOCKED,SCALP_RR_BELOW_MINIMUM
2026-09-24T18:40:54.718486+00:00,2026-09-24T18:40:52.558243+00:00,2026-09-24T18:40:54.717148+00:00,622.96,623.22,623.09,2.160243,262.3382500023581,2.086375,0.00041727519298976213,622.4217,0.6683000000000447,10.737093517145802,0.0016799427694136337,0.0008587641826229842,621.3043293081527,620.93781,619.1466714067958,1.8334331739157477,,0.0028740676792575748,621.3043293081527,624.1999,0.5115179786223725,0.21310330421724383,FILTERED,STALE_QUOTE
2026-09-24T18:40:56.737798+00:00,2026-09-24T18:40:56.025480+00:00,2026-09-24T18:40:56.736339+00:00,623.02,623.38,623.2,0.712318,276.7298750113696,2.019312,0.0005776636713735777,622.4217,0.7783000000000584,12.504384085580966,0.0017682044687350462,0.0009470258819443966,621.3043293081527,620.93781,619.1466714067958,1.8334331739157477,0.72398,0.0030511145704688047,621.3043293081527,624.1999,0.39500485468155555,0.07135333226064208,BLOCKED,ENTRY_OVEREXTENDED
2026-09-24T18:40:58.685534+00:00,2026-09-24T18:40:56.025480+00:00,2026-09-24T18:40:58.684572+00:00,623.02,623.34,623.1800000000001,2.660054,219.09758303081617,1.947736,0.0005134952983087551,622.4217,0.7583000000000766,12.183058527683865,0.0017682044687350462,0.0009470258819443966,621.3043293081527,620.93781,619.1466714067958,1.8334331739157477,,0.0030189242266120964,621.3043293081527,624.1999,0.42241606338577214,0.11207502356146538,FILTERED,STALE_QUOTE
2026-09-24T18:41:00.641901+00:00,2026-09-24T18:40:58.698280+00:00,2026-09-24T18:41:00.640655+00:00,623.19,623.38,623.2850000000001,1.943621,171.6538339969702,1.956367,0.00030483647127708973,622.4217,0.8633000000000948,13.87001770664531,0.001904838450410118,0.0010836598636194683,621.3043293081527,620.93781,619.1466714067958,1.8334331739157477,0.76376,0.003187923531859038,621.3043293081527,624.1999,0.39500485468155555,0.15329071311019432,BLOCKED,ENTRY_OVEREXTENDED
2026-09-24T18:41:02.649432+00:00,2026-09-24T18:41:00.962067+00:00,2026-09-24T18:41:02.648765+00:00,623.19,623.38,623.2850000000001,1.687365,172.36541700549424,2.007531,0.00030483647127708973,622.4217,0.8633000000000948,13.87001770664531,0.0018887335037214292,0.0010675549169307796,621.3043293081527,620.93781,619.1466714067958,1.8334331739157477,0.76121,0.003187923531859038,621.3043293081527,624.1999,0.39500485468155555,0.15329071311019432,BLOCKED,ENTRY_OVEREXTENDED
2026-09-24T18:41:04.685988+00:00,2026-09-24T18:41:03.198726+00:00,2026-09-24T18:41:04.684505+00:00,623.19,623.38,623.2850000000001,1.487262,203.4268340212293,2.036556,0.00030483647127708973,622.4217,0.8633000000000948,13.87001770664531,0.0019209439148679675,0.0010997653280773179,621.3043293081527,620.93781,619.1466714067958,1.8334331739157477,0.76631,0.003187923531859038,621.3043293081527,624.1999,0.39500485468155555,0.15329071311019432,BLOCKED,ENTRY_OVEREXTENDED
2026-09-24T18:41:06.795827+00:00,2026-09-24T18:41:05.393024+00:00,2026-09-24T18:41:06.794363+00:00,623.17,623.38,623.275,1.402803,310.80804200610146,2.109839,0.00033692992659746724,622.4217,0.8532999999999902,13.70935492769565,0.0019048690703917792,0.0010836904836011296,621.3043293081527,620.93781,619.1466714067958,1.8334331739157477,0.76163,0.003171828359930684,621.3043293081527,624.1999,0.39500485468155555,0.14365218121002507,BLOCKED,ENTRY_OVEREXTENDED
2026-09-24T18:41:08.708208+00:00,2026-09-24T18:41:08.187915+00:00,2026-09-24T18:41:08.706917+00:00,623.17,623.38,623.275,0.520293,216.4574580383487,1.912381,0.00033692992659746724,622.4217,0.8532999999999902,13.70935492769565,0.0021948513450498197,0.0013736727582591701,621.3043293081527,620.93781,619.1466714067958,1.8334331739157477,0.807544,0.003171828359930684,621.3043293081527,624.1999,0.39500485468155555,0.14365218121002507,BLOCKED,ENTRY_OVEREXTENDED
2026-09-24T18:41:10.641877+00:00,2026-09-24T18:41:08.830891+00:00,2026-09-24T18:41:10.640420+00:00,623.17,623.38,623.275,1.810986,144.89645801950246,1.933669,0.00033692992659746724,622.4217,0.8532999999999902,13.70935492769565,0.0021948513450498197,0.0013736727582591701,621.3043293081527,620.93781,619.1466714067958,1.8334331739157477,0.807544,0.003171828359930684,621.3043293081527,624.1999,0.39500485468155555,0.14365218121002507,BLOCKED,ENTRY_OVEREXTENDED
2026-09-24T18:41:12.667567+00:00,2026-09-24T18:41:11.671386+00:00,2026-09-24T18:41:12.666196+00:00,622.81,623.15,622.98,0.996181,165.81895796116441,2.02569,0.0005457639089537895,622.4217,0.5583000000000311,8.969802948708416,0.0017205061825664725,0.0008993275957758229,621.3043293081527,620.93781,619.1466714067958,1.8334331739157477,0.723066,0.002697020788046567,621.3043293081527,624.1999,0.5688447048748437,0.21576558694600845,BLOCKED,SCALP_RR_BELOW_MINIMUM
2026-09-24T18:41:14.709514+00:00,2026-09-24T18:41:13.206216+00:00,2026-09-24T18:41:14.708075+00:00,622.78,623.15,622.9649999999999,1.503298,203.07358400896192,2.041947,0.0005939338486110851,622.4217,0.5432999999999311,8.728808780285036,0.0015917038466175537,0.0007705252598269041,621.3043293081527,620.93781,619.1466714067958,1.8334331739157477,0.697859,0.0026728780301539246,621.3043293081527,624.1999,0.5688447048748437,0.19950206928273567,BLOCKED,SIGNAL_SCORE_BELOW_THRESHOLD
2026-09-24T18:41:16.719791+00:00,2026-09-24T18:41:13.206216+00:00,2026-09-24T18:41:16.718428+00:00,622.78,623.15,622.9649999999999,3.513575,214.51133297523484,2.010277,0.0005939338486110851,622.4217,0.5432999999999311,8.728808780285036,0.0015917038466175537,0.0007705252598269041,621.3043293081527,620.93781,619.1466714067958,1.8334331739157477,,0.0026728780301539246,621.3043293081527,624.1999,0.5688447048748437,0.19950206928273567,FILTERED,STALE_QUOTE
2026-09-24T18:41:18.748947+00:00,2026-09-24T18:41:16.923259+00:00,2026-09-24T18:41:18.747541+00:00,623.01,623.25,623.13,1.825688,236.38512496836483,2.029156,0.0003851523759087335,622.4217,0.7083000000000084,11.379744632940003,0.0018006141380364493,0.0009794355512457997,621.3043293081527,620.93781,619.1466714067958,1.8334331739157477,0.751783,0.0029384483669705475,621.3043293081527,624.1999000000001,0.4882121131701535,0.2046742973430942,BLOCKED,SCALP_RR_BELOW_MINIMUM
2026-09-24T18:41:20.710478+00:00,2026-09-24T18:41:16.923259+00:00,2026-09-24T18:41:20.709135+00:00,623.01,623.25,623.13,3.787219,191.94491597590968,1.961531,0.0003851523759087335,622.4217,0.7083000000000084,11.379744632940003,0.0018006141380364493,0.0009794355512457997,621.3043293081527,620.93781,619.1466714067958,1.8334331739157477,,0.0029384483669705475,621.3043293081527,624.1999000000001,0.4882121131701535,0.2046742973430942,FILTERED,STALE_QUOTE
2026-09-24T18:41:22.808500+00:00,2026-09-24T18:41:21.088923+00:00,2026-09-24T18:41:22.807054+00:00,623.01,623.38,623.1949999999999,1.719577,284.62041704915464,2.098022,0.0005937146479031517,622.4217,0.7732999999999493,12.424052696105026,0.0017440645544999356,0.000922885967709286,621.3043293081527,620.93781,619.1466714067958,1.8334331739157477,0.71909,0.0030430669845042946,621.3043293081527,624.1999,0.39500485468155555,0.06653279026026311,BLOCKED,ENTRY_OVEREXTENDED
2026-09-24T18:41:24.688371+00:00,2026-09-24T18:41:21.088923+00:00,2026-09-24T18:41:24.686856+00:00,623.01,623.38,623.1949999999999,3.599448,159.78804096812382,1.879871,0.0005937146479031517,622.4217,0.7732999999999493,12.424052696105026,0.0017440645544999356,0.000922885967709286,621.3043293081527,620.93781,619.1466714067958,1.8334331739157477,,0.0030430669845042946,621.3043293081527,624.1999,0.39500485468155555,0.06653279026026311,FILTERED,STALE_QUOTE
2026-09-24T18:41:26.709435+00:00,2026-09-24T18:41:21.088923+00:00,2026-09-24T18:41:26.707980+00:00,623.01,623.38,623.1949999999999,5.620512,175.72175001259893,2.021064,0.0005937146479031517,622.4217,0.7732999999999493,12.424052696105026,0.0017118608650923406,0.000890682278301691,621.3043293081527,620.93781,619.1466714067958,1.8334331739157477,,0.0030430669845042946,621.3043293081527,624.1999,0.39500485468155555,0.06653279026026311,FILTERED,STALE_QUOTE
2026-09-24T18:41:28.710661+00:00,2026-09-24T18:41:26.294186+00:00,2026-09-24T18:41:28.709238+00:00,622.99,623.24,623.115,2.416475,171.47450003540143,2.001226,0.0004012100495093201,622.4217,0.693300000000022,11.138750464516622,0.0015832703775737755,0.0007620917907831259,621.3043293081527,620.93781,619.1466714067958,1.8334331739157477,,0.0029143056090783492,621.3043293081527,624.1999,0.4959004669765557,0.20573223039487423,FILTERED,STALE_QUOTE
2026-09-24T18:41:30.893099+00:00,2026-09-24T18:41:29.563538+00:00,2026-09-24T18:41:30.891628+00:00,622.99,623.24,623.115,1.329561,349.1096670040861,2.182438,0.0004012100495093201,622.4217,0.693300000000022,11.138750464516622,0.0015832703775737755,0.0007620917907831259,621.3043293081527,620.93781,619.1466714067958,1.8334331739157477,0.715768,0.0029143056090783492,621.3043293081527,624.1999,0.4959004669765557,0.20573223039487423,BLOCKED,SCALP_RR_BELOW_MINIMUM
2026-09-24T18:41:32.772665+00:00,2026-09-24T18:41:32.543893+00:00,2026-09-24T18:41:32.771118+00:00,622.99,623.2,623.095,0.228772,223.55387499555945,1.879566,0.00033702725908575155,622.4217,0.6733000000000402,10.817424906619522,0.0015511227556941343,0.0007299441689034847,621.3043293081527,620.93781,619.1466714067958,1.8334331739157477,0.7171,0.002882115265221641,621.3043293081527,624.1999,0.5274650308727682,0.25229308771533526,BLOCKED,SCALP_RR_BELOW_MINIMUM
2026-09-24T18:41:34.768585+00:00,2026-09-24T18:41:32.543893+00:00,2026-09-24T18:41:34.767545+00:00,622.99,623.2,623.095,2.224692,215.65129194641486,1.99592,0.00033702725908575155,622.4217,0.6733000000000402,10.817424906619522,0.0008834702712252618,6.22916844346122e-05,621.3043293081527,620.93781,619.1466714067958,1.8334331739157477,,0.002882115265221641,621.3043293081527,624.1999,0.5274650308727682,0.25229308771533526,FILTERED,STALE_QUOTE
2026-09-24T18:41:36.967621+00:00,2026-09-24T18:41:32.543893+00:00,2026-09-24T18:41:36.966163+00:00,623.01,623.31,623.16,4.423728,414.54412502935156,2.199036,0.00048141729250907397,622.4217,0.7382999999999811,11.861732969784544,0.0007709419143451246,-5.023667244552499e-05,621.3043293081527,620.93781,619.1466714067958,1.8334331739157477,,0.002986733882755388,621.3043293081527,624.1999,0.4436919797538729,0.13869315064379065,FILTERED,STALE_QUOTE
2026-09-24T18:41:38.837586+00:00,2026-09-24T18:41:32.543893+00:00,2026-09-24T18:41:38.836412+00:00,623.01,623.31,623.16,6.293693,278.3984999987297,1.869965,0.00048141729250907397,622.4217,0.7382999999999811,11.861732969784544,0.00012840782324663458,-0.000692770763544015,621.3043293081527,620.93781,619.1466714067958,1.8334331739157477,,0.002986733882755388,621.3043293081527,624.1999,0.4436919797538729,0.13869315064379065,FILTERED,STALE_QUOTE
2026-09-24T18:41:40.905736+00:00,2026-09-24T18:41:32.543893+00:00,2026-09-24T18:41:40.904405+00:00,623.07,623.38,623.225,8.361843,340.5385829973966,2.06815,0.0004974126519313979,622.4217,0.8033000000000357,12.906041032954008,0.00017656925929188105,-0.0006446093274987685,621.3043293081527,620.93781,619.1466714067958,1.8334331739157477,,0.003091352500289357,621.3043293081527,624.1999,0.39500485468155555,0.09545488203747231,FILTERED,STALE_QUOTE
2026-09-24T18:41:42.858306+00:00,2026-09-24T18:41:40.903901+00:00,2026-09-24T18:41:42.857014+00:00,623.08,623.38,623.23,1.954405,289.8037499981001,1.95257,0.0004813632206407819,622.4217,0.8083000000000311,12.986372422427728,-8.02207675522082e-05,-0.0009013993543428578,621.3043293081527,620.93781,619.1466714067958,1.8334331739157477,0.512008,0.0030994000862534232,621.3043293081527,624.1999,0.39500485468155555,0.1002749599608349,BLOCKED,SIGNAL_SCORE_BELOW_THRESHOLD
2026-09-24T18:41:44.725449+00:00,2026-09-24T18:41:40.903901+00:00,2026-09-24T18:41:44.723960+00:00,623.08,623.38,623.23,3.821548,151.45579201634973,1.867143,0.0004813632206407819,622.4217,0.8083000000000311,12.986372422427728,-8.02207675522082e-05,-0.0009013993543428578,621.3043293081527,620.93781,619.1466714067958,1.8334331739157477,,0.0030994000862534232,621.3043293081527,624.1999,0.39500485468155555,0.1002749599608349,FILTERED,STALE_QUOTE
2026-09-24T18:41:46.797874+00:00,2026-09-24T18:41:40.903901+00:00,2026-09-24T18:41:46.796678+00:00,623.08,623.38,623.23,5.893973,218.9321669866331,2.072425,0.0004813632206407819,622.4217,0.8083000000000311,12.986372422427728,0.00018455662277427898,-0.0006366219640163706,621.3043293081527,620.93781,619.1466714067958,1.8334331739157477,,0.0030994000862534232,621.3043293081527,624.1999,0.39500485468155555,0.1002749599608349,FILTERED,STALE_QUOTE
2026-09-24T18:41:48.756836+00:00,2026-09-24T18:41:47.650696+00:00,2026-09-24T18:41:48.755334+00:00,623.16,623.38,623.27,1.10614,171.1441669613123,1.958962,0.00035297704044800376,622.4217,0.8482999999999947,13.62902353822193,0.0002648028823390991,-0.0005563757044515505,621.3043293081527,620.93781,619.1466714067958,1.8334331739157477,0.542614,0.003163780773966618,621.3043293081527,624.1999,0.39500485468155555,0.1388327992765429,BLOCKED,SIGNAL_SCORE_BELOW_THRESHOLD
2026-09-24T18:41:50.778570+00:00,2026-09-24T18:41:50.384204+00:00,2026-09-24T18:41:50.777232+00:00,623.46,623.71,623.585,0.394366,191.9345420319587,2.021734,0.0004009076549307632,622.4217,1.1633000000000493,18.689901075108484,0.000762305210957992,-5.8873375832657615e-05,621.3043293081527,620.93781,619.1466714067958,1.8334331739157477,0.545421,0.0036707786897074435,621.3043293081527,624.1999,0.20364383274078396,-0.029931409024898003,BLOCKED,SIGNAL_SCORE_BELOW_THRESHOLD
2026-09-24T18:41:52.859344+00:00,2026-09-24T18:41:51.292498+00:00,2026-09-24T18:41:52.858122+00:00,623.57,623.69,623.6300000000001,1.566846,267.0919999945909,2.080774,0.00019242178856053192,622.4217,1.208300000000122,19.412883580378626,0.000826492701989423,5.31411519877345e-06,621.3043293081527,620.93781,619.1466714067958,1.8334331739157477,0.56718,0.0037432069633849263,621.3043293081527,624.1999,0.21373444446561832,0.03271342308864826,BLOCKED,SIGNAL_SCORE_BELOW_THRESHOLD
2026-09-24T18:41:54.788586+00:00,2026-09-24T18:41:54.549355+00:00,2026-09-24T18:41:54.787330+00:00,623.57,623.69,623.6300000000001,0.239231,191.1150420201011,1.929242,0.00019242178856053192,622.4217,1.208300000000122,19.412883580378626,0.0007221027632466903,-9.907582354395927e-05,621.3043293081527,620.93781,619.1466714067958,1.8334331739157477,0.558082,0.0037432069633849263,621.3043293081527,624.1999,0.21373444446561832,0.03271342308864826,BLOCKED,SIGNAL_SCORE_BELOW_THRESHOLD
2026-09-24T18:41:56.888566+00:00,2026-09-24T18:41:55.170865+00:00,2026-09-24T18:41:56.886139+00:00,623.55,623.69,623.62,1.717701,284.58187502110377,2.09998,0.00022449568647589884,622.4217,1.1983000000000175,19.252220801428965,0.00036895041627227343,-0.00045222817051837616,621.3043293081527,620.93781,619.1466714067958,1.8334331739157477,0.52652,0.00372711179145635,621.3043293081527,624.1999,0.21373444446561832,0.02432828868632027,BLOCKED,SIGNAL_SCORE_BELOW_THRESHOLD
2026-09-24T18:41:58.761251+00:00,2026-09-24T18:41:57.920577+00:00,2026-09-24T18:41:58.759783+00:00,623.42,623.5,623.46,0.840674,155.22220899583772,1.872685,0.00012831617104552164,622.4217,1.0383000000000493,16.681616338247718,0.0001122892571263634,-0.0007088893296642862,621.3043293081527,620.93781,619.1466714067958,1.8334331739157477,0.531948,0.0034695890406040153,621.3043293081527,624.1999,0.31876364820949504,0.14034202328117876,BLOCKED,SIGNAL_SCORE_BELOW_THRESHOLD
2026-09-24T18:42:00.767670+00:00,2026-09-24T18:41:58.538855+00:00,2026-09-24T18:42:00.766407+00:00,623.42,623.58,623.5,2.228815,157.5158750056289,2.006419,0.00025661587810758916,622.4217,1.078300000000013,17.32426745404192,-8.820392748043471e-05,-0.0009093825142710843,621.3043293081527,620.93781,619.1466714067958,1.8334331739157477,,0.003533969728316988,621.3043293081527,624.1999,0.27240320940140866,0.06507508808728456,FILTERED,STALE_QUOTE
2026-09-24T18:42:02.808220+00:00,2026-09-24T18:41:58.538855+00:00,2026-09-24T18:42:02.807148+00:00,623.42,623.58,623.5,4.269365,191.91579200560227,2.04055,0.00025661587810758916,622.4217,1.078300000000013,17.32426745404192,-0.00014432559855037663,-0.0009655041853410262,621.3043293081527,620.93781,619.1466714067958,1.8334331739157477,,0.003533969728316988,621.3043293081527,624.1999,0.27240320940140866,0.06507508808728456,FILTERED,STALE_QUOTE
2026-09-24T18:42:04.868037+00:00,2026-09-24T18:42:03.274429+00:00,2026-09-24T18:42:04.866689+00:00,623.48,623.66,623.5699999999999,1.593608,245.93445903155953,2.059817,0.0002886604551212374,622.4217,1.1482999999999493,18.448906906682883,-0.0003606954207714397,-0.0011818740075620893,621.3043293081527,620.93781,619.1466714067958,1.8334331739157477,0.494732,0.003646635931815023,621.3043293081527,624.1999,0.22919162761945677,0.020395049581972555,BLOCKED,SIGNAL_SCORE_BELOW_THRESHOLD
2026-09-24T18:42:06.853851+00:00,2026-09-24T18:42:06.272421+00:00,2026-09-24T18:42:06.852782+00:00,623.44,623.74,623.59,0.58143,227.86466596880928,1.985814,0.00048108532850102555,622.4217,1.1683000000000447,18.770232464582204,-0.000328633605591655,-0.0011498121923823046,621.3043293081527,620.93781,619.1466714067958,1.8334331739157477,0.47334,0.0036788262756717316,621.3043293081527,624.1999,0.18881862870022634,-0.062423119557251903,BLOCKED,SIGNAL_SCORE_BELOW_THRESHOLD
2026-09-24T18:42:08.819736+00:00,2026-09-24T18:42:06.272421+00:00,2026-09-24T18:42:08.817365+00:00,623.44,623.72,623.58,2.547315,187.8935830318369,1.965885,0.0004490201738349092,622.4217,1.1583000000000538,18.609569685632543,0.00010424602060865595,-0.0007169325661819936,621.3043293081527,620.93781,619.1466714067958,1.8334331739157477,,0.0036627311037433774,621.3043293081527,624.1999,0.19866118408419742,-0.046373399819141126,FILTERED,STALE_QUOTE
2026-09-24T18:42:10.790290+00:00,2026-09-24T18:42:06.272421+00:00,2026-09-24T18:42:10.789152+00:00,623.5,623.72,623.61,4.517869,152.38583297468722,1.970554,0.0003527845929347305,622.4217,1.1883000000000266,19.091558022479305,8.820675663767652e-05,-0.0007329718301529731,621.3043293081527,620.93781,619.1466714067958,1.8334331739157477,,0.003711016619528218,621.3043293081527,624.1999,0.19866118408419742,-0.021525618736382493,FILTERED,STALE_QUOTE
2026-09-24T18:42:12.857612+00:00,2026-09-24T18:42:11.370616+00:00,2026-09-24T18:42:12.856216+00:00,623.64,623.74,623.69,1.486996,216.33670799201354,2.067322,0.0001603360643909999,622.4217,1.2683000000000675,20.37686025406993,-0.00010420758150220255,-0.0009253861682928521,621.3043293081527,620.93781,619.1466714067958,1.8334331739157477,0.494666,0.0038397779949543853,621.3043293081527,624.1999,0.18881862870022634,0.019716123102127257,BLOCKED,SIGNAL_SCORE_BELOW_THRESHOLD
2026-09-24T18:42:14.914597+00:00,2026-09-24T18:42:14.228125+00:00,2026-09-24T18:42:14.913297+00:00,623.5,623.63,623.565,0.686472,267.63262500753626,2.056985,0.0002084786670194694,622.4217,1.1433000000000675,18.368575517211383,-0.000304606776699079,-0.0011257853634897286,621.3043293081527,620.93781,619.1466714067958,1.8334331739157477,0.503288,0.003638588345850957,621.3043293081527,624.1999,0.24504759078650346,0.05506860852466106,BLOCKED,SIGNAL_SCORE_BELOW_THRESHOLD
2026-09-24T18:42:17.028248+00:00,2026-09-24T18:42:16.340071+00:00,2026-09-24T18:42:17.026988+00:00,623.42,623.53,623.4749999999999,0.688177,375.73479098500684,2.113651,0.00017643049039658954,622.4217,1.053299999999922,16.922610506668878,-0.0007212405337180261,-0.0015424191205086757,621.3043293081527,620.93781,619.1466714067958,1.8334331739157477,0.516167,0.0034937317984962135,621.3043293081527,624.1999,0.30098792352965664,0.11148338216962675,BLOCKED,SIGNAL_SCORE_BELOW_THRESHOLD
2026-09-24T18:42:18.836938+00:00,2026-09-24T18:42:17.154158+00:00,2026-09-24T18:42:18.835613+00:00,623.5,623.68,623.5899999999999,1.68278,180.62966701108962,1.80869,0.0002886511971005789,622.4217,1.168299999999931,18.770232464579983,-0.0005369235084345947,-0.0013581020952252443,621.3043293081527,620.93781,619.1466714067958,1.8334331739157477,0.492583,0.0036788262756715095,621.3043293081527,624.1999,0.2188434625153304,0.011800466069884281,BLOCKED,SIGNAL_SCORE_BELOW_THRESHOLD
2026-09-24T18:42:20.846763+00:00,2026-09-24T18:42:17.154158+00:00,2026-09-24T18:42:20.845453+00:00,623.5,623.69,623.595,3.692605,184.99137496110052,2.009825,0.00030468493172660873,622.4217,1.1733000000000402,18.850563854055924,-0.0005369235084345947,-0.0013581020952252443,621.3043293081527,620.93781,619.1466714067958,1.8334331739157477,,0.0036868738616357977,621.3043293081527,624.1999,0.21373444446561832,0.003364276116887856,FILTERED,STALE_QUOTE
2026-09-24T18:42:26.283199+00:00,2026-09-24T18:42:25.270983+00:00,2026-09-24T18:42:26.282804+00:00,623.34,623.56,623.45,1.012216,3618.9903339836746,5.436436,0.00035287513032306294,622.4217,1.0283000000000584,16.520953559300278,-0.00032870737827794816,-0.0011498859650685977,621.3043293081527,620.93781,619.1466714067958,1.8334331739157477,0.501209,0.003453493868675661,621.3043293081527,624.1999,0.28368502650354166,0.04791532031973914,BLOCKED,SIGNAL_SCORE_BELOW_THRESHOLD
2026-09-24T18:42:27.063051+00:00,2026-09-24T18:42:25.270983+00:00,2026-09-24T18:42:27.062668+00:00,623.34,623.56,623.45,1.792068,167.40879201097414,0.779852,0.00035287513032306294,622.4217,1.0283000000000584,16.520953559300278,-0.00032870737827794816,-0.0011498859650685977,621.3043293081527,620.93781,619.1466714067958,1.8334331739157477,0.501209,0.003453493868675661,621.3043293081527,624.1999,0.28368502650354166,0.04791532031973914,BLOCKED,SIGNAL_SCORE_BELOW_THRESHOLD
2026-09-24T18:42:29.099047+00:00,2026-09-24T18:42:27.652859+00:00,2026-09-24T18:42:29.097561+00:00,623.34,623.56,623.45,1.446188,195.7784160040319,2.035996,0.00035287513032306294,622.4217,1.0283000000000584,16.520953559300278,-0.00019244030341403207,-0.0010136188902046817,621.3043293081527,620.93781,619.1466714067958,1.8334331739157477,0.501209,0.003453493868675661,621.3043293081527,624.1999,0.28368502650354166,0.04791532031973914,BLOCKED,SIGNAL_SCORE_BELOW_THRESHOLD
2026-09-24T18:42:31.193228+00:00,2026-09-24T18:42:30.301002+00:00,2026-09-24T18:42:31.192781+00:00,623.37,623.72,623.5450000000001,0.892226,284.7506669932045,2.094181,0.0005613067220489663,622.4217,1.1233000000000857,18.047249959314282,-0.00020844189682112102,-0.0010296204836117706,621.3043293081527,620.93781,619.1466714067958,1.8334331739157477,0.470155,0.003606398001994471,621.3043293081527,624.1999,0.19866118408419742,-0.07536549964815907,BLOCKED,SIGNAL_SCORE_BELOW_THRESHOLD
2026-09-24T18:42:33.088589+00:00,2026-09-24T18:42:32.031045+00:00,2026-09-24T18:42:33.087104+00:00,623.37,623.72,623.5450000000001,1.057544,174.69125002389774,1.895361,0.0005613067220489663,622.4217,1.1233000000000857,18.047249959314282,-0.0001523314732858605,-0.0009735100600765101,621.3043293081527,620.93781,619.1466714067958,1.8334331739157477,0.470155,0.003606398001994471,621.3043293081527,624.1999,0.19866118408419742,-0.07536549964815907,BLOCKED,SIGNAL_SCORE_BELOW_THRESHOLD
2026-09-24T18:42:35.183899+00:00,2026-09-24T18:42:32.031045+00:00,2026-09-24T18:42:35.182781+00:00,623.37,623.72,623.5450000000001,3.152854,266.4570420165546,2.09531,0.0005613067220489663,622.4217,1.1233000000000857,18.047249959314282,-0.0002164571575166141,-0.0010376357443072637,621.3043293081527,620.93781,619.1466714067958,1.8334331739157477,,0.003606398001994471,621.3043293081527,624.1999,0.19866118408419742,-0.07536549964815907,FILTERED,STALE_QUOTE
2026-09-24T18:42:37.144140+00:00,2026-09-24T18:42:36.116420+00:00,2026-09-24T18:42:37.142957+00:00,623.5,623.78,623.64,1.02772,222.4260829971172,1.960241,0.0004489769738951522,622.4217,1.2182999999999993,19.573546359326066,-2.4051759386134464e-05,-0.000845230346176784,621.3043293081527,620.93781,619.1466714067958,1.8334331739157477,0.471176,0.0037593021353130585,621.3043293081527,624.1999,0.16961060345497483,-0.06949747288397097,BLOCKED,SIGNAL_SCORE_BELOW_THRESHOLD
2026-09-24T18:42:39.087683+00:00,2026-09-24T18:42:37.840838+00:00,2026-09-24T18:42:39.086292+00:00,623.48,623.69,623.585,1.246845,160.1224170299247,1.943543,0.0003367624301418995,622.4217,1.1633000000000493,18.689901075108484,0.00018445153736346143,-0.0006367270494271882,621.3043293081527,620.93781,619.1466714067958,1.8334331739157477,0.503681,0.0036707786897074435,621.3043293081527,624.1999,0.21373444446561832,-0.0050217995703396604,BLOCKED,SIGNAL_SCORE_BELOW_THRESHOLD
2026-09-24T18:42:41.083305+00:00,2026-09-24T18:42:40.809158+00:00,2026-09-24T18:42:41.081998+00:00,623.48,623.63,623.5550000000001,0.274147,148.50166701944545,1.995622,0.00024055616585542133,622.4217,1.1333000000000766,18.207912738261722,0.0004091127867802413,-0.00041206580001040827,621.3043293081527,620.93781,619.1466714067958,1.8334331739157477,0.535248,0.003622493173922603,621.3043293081527,624.1999,0.24504759078650346,0.04646700784697669,BLOCKED,SIGNAL_SCORE_BELOW_THRESHOLD
2026-09-24T18:42:43.214490+00:00,2026-09-24T18:42:40.809158+00:00,2026-09-24T18:42:43.213197+00:00,623.4,623.58,623.49,2.405332,273.13066698843613,2.131185,0.0002886974931435366,622.4217,1.068300000000022,17.16360467509448,0.0004973966899053384,-0.0003237818968853112,621.3043293081527,620.93781,619.1466714067958,1.8334331739157477,,0.003517874556388856,621.3043293081527,624.1999,0.27240320940140866,0.05628407382683559,FILTERED,STALE_QUOTE
2026-09-24T18:42:45.126429+00:00,2026-09-24T18:42:44.468248+00:00,2026-09-24T18:42:45.125216+00:00,623.4,623.58,623.49,0.658181,178.65283298306167,1.911939,0.0002886974931435366,622.4217,1.068300000000022,17.16360467509448,0.0003931038355702299,-0.0004280747512204197,621.3043293081527,620.93781,619.1466714067958,1.8334331739157477,0.536086,0.003517874556388856,621.3043293081527,624.1999,0.27240320940140866,0.05628407382683559,BLOCKED,SIGNAL_SCORE_BELOW_THRESHOLD
2026-09-24T18:42:47.220770+00:00,2026-09-24T18:42:44.841259+00:00,2026-09-24T18:42:47.220328+00:00,623.34,623.48,623.4100000000001,2.379511,269.1570830065757,2.094341,0.00022457130941112003,622.4217,0.9883000000000948,15.878302443506076,8.823222722220692e-05,-0.0007329463595684427,621.3043293081527,620.93781,619.1466714067958,1.8334331739157477,,0.0033891131809626884,621.3043293081527,624.1999,0.33088647224855594,0.12324672158019531,FILTERED,STALE_QUOTE
2026-09-24T18:42:49.122573+00:00,2026-09-24T18:42:47.235708+00:00,2026-09-24T18:42:49.120942+00:00,623.34,623.48,623.4100000000001,1.886865,163.57749997405335,1.901803,0.00022457130941112003,622.4217,0.9883000000000948,15.878302443506076,2.4061790678597816e-05,-0.0007971167961120518,621.3043293081527,620.93781,619.1466714067958,1.8334331739157477,0.520344,0.0033891131809626884,621.3043293081527,624.1999,0.33088647224855594,0.12324672158019531,BLOCKED,SIGNAL_SCORE_BELOW_THRESHOLD
2026-09-24T18:42:51.143190+00:00,2026-09-24T18:42:49.036988+00:00,2026-09-24T18:42:51.142673+00:00,623.27,623.38,623.325,2.106202,176.2486249790527,2.020617,0.00017647294749932,622.4217,0.9033000000000584,14.512668822441732,0.00022465239054225705,-0.0005965261962483925,621.3043293081527,620.93781,619.1466714067958,1.8334331739157477,,0.003252304219572233,621.3043293081527,624.1999,0.39500485468155555,0.19184174809222676,FILTERED,STALE_QUOTE
2026-09-24T18:42:53.158200+00:00,2026-09-24T18:42:51.836148+00:00,2026-09-24T18:42:53.156829+00:00,623.27,623.38,623.325,1.322052,185.98395900335163,2.01501,0.00017647294749932,622.4217,0.9033000000000584,14.512668822441732,7.219869079722052e-05,-0.0007489798959934291,621.3043293081527,620.93781,619.1466714067958,1.8334331739157477,0.538302,0.003252304219572233,621.3043293081527,624.1999,0.39500485468155555,0.19184174809222676,BLOCKED,SIGNAL_SCORE_BELOW_THRESHOLD
2026-09-24T18:42:55.257846+00:00,2026-09-24T18:42:51.836148+00:00,2026-09-24T18:42:55.256443+00:00,623.27,623.38,623.325,3.421698,278.8655830081552,2.099646,0.00017647294749932,622.4217,0.9033000000000584,14.512668822441732,7.219869079722052e-05,-0.0007489798959934291,621.3043293081527,620.93781,619.1466714067958,1.8334331739157477,,0.003252304219572233,621.3043293081527,624.1999,0.39500485468155555,0.19184174809222676,FILTERED,STALE_QUOTE
2026-09-24T18:42:57.209431+00:00,2026-09-24T18:42:55.442287+00:00,2026-09-24T18:42:57.207817+00:00,623.3,623.48,623.39,1.767144,224.36749999178573,1.951585,0.00028874380403930714,622.4217,0.9682999999999993,15.556976885606755,0.00018450924551771664,-0.000636669341272933,621.3043293081527,620.93781,619.1466714067958,1.8334331739157477,0.529448,0.00335692283710598,621.3043293081527,624.1999,0.33088647224855594,0.10485686731561934,BLOCKED,SIGNAL_SCORE_BELOW_THRESHOLD
2026-09-24T18:42:59.158347+00:00,2026-09-24T18:42:56.962597+00:00,2026-09-24T18:42:59.156948+00:00,623.3,623.48,623.39,2.19575,168.26166695682332,1.948916,0.00028874380403930714,622.4217,0.9682999999999993,15.556976885606755,-8.020596892865939e-06,-0.0008291991836835155,621.3043293081527,620.93781,619.1466714067958,1.8334331739157477,,0.00335692283710598,621.3043293081527,624.1999,0.33088647224855594,0.10485686731561934,FILTERED,STALE_QUOTE
2026-09-24T18:43:01.185911+00:00,2026-09-24T18:42:59.811969+00:00,2026-09-24T18:43:01.185403+00:00,623.3,623.48,623.39,1.373942,190.47216599574313,2.027564,0.00028874380403930714,622.4217,0.9682999999999993,15.556976885606755,0.0002727768685215626,-0.000548401718269087,621.3043293081527,620.93781,619.1466714067958,1.8334331739157477,0.536803,0.00335692283710598,621.3043293081527,624.1999,0.33088647224855594,0.10485686731561934,BLOCKED,SIGNAL_SCORE_BELOW_THRESHOLD
2026-09-24T18:43:03.213072+00:00,2026-09-24T18:43:02.927303+00:00,2026-09-24T18:43:03.211441+00:00,623.31,623.48,623.395,0.285769,211.18766599101946,2.027161,0.0002727002943560227,622.4217,0.9732999999999947,15.637308275080475,0.0002807997175955368,-0.0005403788691951128,621.3043293081527,620.93781,619.1466714067958,1.8334331739157477,0.538539,0.003364970423070046,621.3043293081527,624.1999,0.33088647224855594,0.10945444150495624,BLOCKED,SIGNAL_SCORE_BELOW_THRESHOLD
2026-09-24T18:43:05.221035+00:00,2026-09-24T18:43:04.530051+00:00,2026-09-24T18:43:05.219490+00:00,623.27,623.48,623.375,0.690984,213.9468330424279,2.007963,0.0003368758772809888,622.4217,0.9533000000000129,15.315982717183374,0.00029685970570758613,-0.0005243188810830635,621.3043293081527,620.93781,619.1466714067958,1.8334331739157477,0.535609,0.00333278007921356,621.3043293081527,624.1999,0.33088647224855594,0.09106370222994051,BLOCKED,SIGNAL_SCORE_BELOW_THRESHOLD
2026-09-24T18:43:07.221619+00:00,2026-09-24T18:43:06.089985+00:00,2026-09-24T18:43:07.219919+00:00,623.27,623.48,623.375,1.131634,210.6567089795135,2.000584,0.0003368758772809888,622.4217,0.9533000000000129,15.315982717183374,0.0003129111974067289,-0.0005082673893839207,621.3043293081527,620.93781,619.1466714067958,1.8334331739157477,0.536947,0.00333278007921356,621.3043293081527,624.1999,0.33088647224855594,0.09106370222994051,BLOCKED,SIGNAL_SCORE_BELOW_THRESHOLD
2026-09-24T18:43:09.278984+00:00,2026-09-24T18:43:06.089985+00:00,2026-09-24T18:43:09.277416+00:00,623.27,623.48,623.375,3.188999,261.33283297531307,2.057365,0.0003368758772809888,622.4217,0.9533000000000129,15.315982717183374,0.0003129111974067289,-0.0005082673893839207,621.3043293081527,620.93781,619.1466714067958,1.8334331739157477,,0.00333278007921356,621.3043293081527,624.1999,0.33088647224855594,0.09106370222994051,FILTERED,STALE_QUOTE
2026-09-24T18:43:11.222895+00:00,2026-09-24T18:43:06.089985+00:00,2026-09-24T18:43:11.222426+00:00,623.29,623.48,623.385,5.13291,200.025416968856,1.943911,0.0003047875710837678,622.4217,0.9633000000000038,15.476645496133035,0.00033698940088111584,-0.00048418918590953375,621.3043293081527,620.93781,619.1466714067958,1.8334331739157477,,0.003348875251141914,621.3043293081527,624.1999,0.33088647224855594,0.10025921937452084,FILTERED,STALE_QUOTE
2026-09-24T18:43:13.199672+00:00,2026-09-24T18:43:11.519911+00:00,2026-09-24T18:43:13.197959+00:00,623.24,623.45,623.345,1.679761,171.03283398319036,1.976777,0.0003368920902550536,622.4217,0.9233000000000402,14.833994380338833,0.00028884805789819445,-0.0005323305288924551,621.3043293081527,620.93781,619.1466714067958,1.8334331739157477,0.538165,0.0032844945634287193,621.3043293081527,624.1999,0.34949445077902597,0.10632555461430906,BLOCKED,SIGNAL_SCORE_BELOW_THRESHOLD
2026-09-24T18:43:15.265934+00:00,2026-09-24T18:43:14.639052+00:00,2026-09-24T18:43:15.264619+00:00,623.24,623.45,623.345,0.626882,233.10245800530538,2.066262,0.0003368920902550536,622.4217,0.9233000000000402,14.833994380338833,0.00042530654169614657,-0.000395872045094503,621.3043293081527,620.93781,619.1466714067958,1.8334331739157477,0.549536,0.0032844945634287193,621.3043293081527,624.1999,0.34949445077902597,0.10632555461430906,BLOCKED,SIGNAL_SCORE_BELOW_THRESHOLD
2026-09-24T18:43:17.317249+00:00,2026-09-24T18:43:15.261277+00:00,2026-09-24T18:43:17.315670+00:00,623.24,623.45,623.345,2.055972,278.9173750206828,2.051315,0.0003368920902550536,622.4217,0.9233000000000402,14.833994380338833,0.00042530654169614657,-0.000395872045094503,621.3043293081527,620.93781,619.1466714067958,1.8334331739157477,,0.0032844945634287193,621.3043293081527,624.1999,0.34949445077902597,0.10632555461430906,FILTERED,STALE_QUOTE
2026-09-24T18:43:19.232880+00:00,2026-09-24T18:43:18.629963+00:00,2026-09-24T18:43:19.231514+00:00,623.24,623.45,623.345,0.602917,188.88749997131526,1.915631,0.0003368920902550536,622.4217,0.9233000000000402,14.833994380338833,-0.00010426525079809679,-0.0009254438375887464,621.3043293081527,620.93781,619.1466714067958,1.8334331739157477,0.514094,0.0032844945634287193,621.3043293081527,624.1999,0.34949445077902597,0.10632555461430906,BLOCKED,SIGNAL_SCORE_BELOW_THRESHOLD
2026-09-24T18:43:21.333173+00:00,2026-09-24T18:43:18.629963+00:00,2026-09-24T18:43:21.331791+00:00,623.24,623.4,623.3199999999999,2.70321,284.92466697935015,2.100293,0.0002566899826733751,622.4217,0.8982999999999493,14.432337432963571,0.00017649843157085954,-0.00064468015521979,621.3043293081527,620.93781,619.1466714067958,1.8334331739157477,,0.003244256633607945,621.3043293081527,624.1999,0.3816916479825765,0.156598775789587,FILTERED,STALE_QUOTE
2026-09-24T18:43:23.267345+00:00,2026-09-24T18:43:18.629963+00:00,2026-09-24T18:43:23.265736+00:00,623.24,623.4,623.3199999999999,4.637382,215.3346249833703,1.934172,0.0002566899826733751,622.4217,0.8982999999999493,14.432337432963571,0.00017649843157085954,-0.00064468015521979,621.3043293081527,620.93781,619.1466714067958,1.8334331739157477,,0.003244256633607945,621.3043293081527,624.1999,0.3816916479825765,0.156598775789587,FILTERED,STALE_QUOTE
2026-09-24T18:43:25.243154+00:00,2026-09-24T18:43:24.267070+00:00,2026-09-24T18:43:25.241696+00:00,623.24,623.4,623.3199999999999,0.976084,185.11341698467731,1.975809,0.0002566899826733751,622.4217,0.8982999999999493,14.432337432963571,0.00013638515166825016,-0.0006847934351223994,621.3043293081527,620.93781,619.1466714067958,1.8334331739157477,0.536167,0.003244256633607945,621.3043293081527,624.1999,0.3816916479825765,0.156598775789587,BLOCKED,SIGNAL_SCORE_BELOW_THRESHOLD
2026-09-24T18:43:27.333410+00:00,2026-09-24T18:43:24.267070+00:00,2026-09-24T18:43:27.331993+00:00,623.24,623.4,623.3199999999999,3.06634,270.6920829950832,2.090256,0.0002566899826733751,622.4217,0.8982999999999493,14.432337432963571,0.00013638515166825016,-0.0006847934351223994,621.3043293081527,620.93781,619.1466714067958,1.8334331739157477,,0.003244256633607945,621.3043293081527,624.1999,0.3816916479825765,0.156598775789587,FILTERED,STALE_QUOTE
2026-09-24T18:43:29.302417+00:00,2026-09-24T18:43:28.368150+00:00,2026-09-24T18:43:29.300868+00:00,623.31,623.45,623.38,0.934267,237.32025001663715,1.969007,0.00022458211684702758,622.4217,0.9583000000000084,15.396314106657094,0.00023265702343411299,-0.0005885215633565366,621.3043293081527,620.93781,619.1466714067958,1.8334331739157477,0.540951,0.003340827665177626,621.3043293081527,624.1999,0.34949445077902597,0.13895854586840875,BLOCKED,SIGNAL_SCORE_BELOW_THRESHOLD
2026-09-24T18:43:31.284470+00:00,2026-09-24T18:43:28.368150+00:00,2026-09-24T18:43:31.283948+00:00,623.31,623.48,623.395,2.91632,214.59070802666247,1.982053,0.0002727002943560227,622.4217,0.9732999999999947,15.637308275080475,0.0002727812454870193,-0.0005483973413036303,621.3043293081527,620.93781,619.1466714067958,1.8334331739157477,,0.003364970423070046,621.3043293081527,624.1999,0.33088647224855594,0.10945444150495624,FILTERED,STALE_QUOTE
2026-09-24T18:43:33.493002+00:00,2026-09-24T18:43:28.368150+00:00,2026-09-24T18:43:33.491716+00:00,623.31,623.48,623.395,5.124852,418.3166250004433,2.208532,0.0002727002943560227,622.4217,0.9732999999999947,15.637308275080475,0.00023265702343411299,-0.0005885215633565366,621.3043293081527,620.93781,619.1466714067958,1.8334331739157477,,0.003364970423070046,621.3043293081527,624.1999,0.33088647224855594,0.10945444150495624,FILTERED,STALE_QUOTE
2026-09-24T18:43:35.254298+00:00,2026-09-24T18:43:28.368150+00:00,2026-09-24T18:43:35.252867+00:00,623.34,623.48,623.4100000000001,6.886148,172.45983297470957,1.761296,0.00022457130941112003,622.4217,0.9883000000000948,15.878302443506076,0.00023265702343411299,-0.0005885215633565366,621.3043293081527,620.93781,619.1466714067958,1.8334331739157477,,0.0033891131809626884,621.3043293081527,624.1999,0.33088647224855594,0.12324672158019531,FILTERED,STALE_QUOTE
2026-09-24T18:43:37.250750+00:00,2026-09-24T18:43:35.758768+00:00,2026-09-24T18:43:37.249145+00:00,623.34,623.48,623.4100000000001,1.491982,168.08358300477266,1.996452,0.00022457130941112003,622.4217,0.9883000000000948,15.878302443506076,0.0002567188126756381,-0.0005644597741150115,621.3043293081527,620.93781,619.1466714067958,1.8334331739157477,0.539732,0.0033891131809626884,621.3043293081527,624.1999,0.33088647224855594,0.12324672158019531,BLOCKED,SIGNAL_SCORE_BELOW_THRESHOLD
2026-09-24T18:43:39.329676+00:00,2026-09-24T18:43:37.305359+00:00,2026-09-24T18:43:39.325995+00:00,623.34,623.48,623.4100000000001,2.024317,241.81875004433095,2.078926,0.00022457130941112003,622.4217,0.9883000000000948,15.878302443506076,0.0002567188126756381,-0.0005644597741150115,621.3043293081527,620.93781,619.1466714067958,1.8334331739157477,,0.0033891131809626884,621.3043293081527,624.1999,0.33088647224855594,0.12324672158019531,FILTERED,STALE_QUOTE
2026-09-24T18:43:41.305467+00:00,2026-09-24T18:43:39.476044+00:00,2026-09-24T18:43:41.304926+00:00,623.31,623.48,623.395,1.829423,214.81870801653713,1.975791,0.0002727002943560227,622.4217,0.9732999999999947,15.637308275080475,0.00023265142398720684,-0.0005885271628034427,621.3043293081527,620.93781,619.1466714067958,1.8334331739157477,0.534526,0.003364970423070046,621.3043293081527,624.1999,0.33088647224855594,0.10945444150495624,BLOCKED,SIGNAL_SCORE_BELOW_THRESHOLD
